-- MySQL Script generated by MySQL Workbench
-- Tue Oct 24 20:18:27 2023
-- Model: New Model    Version: 1.0
-- MySQL Workbench Forward Engineering

SET @OLD_UNIQUE_CHECKS=@@UNIQUE_CHECKS, UNIQUE_CHECKS=0;
SET @OLD_FOREIGN_KEY_CHECKS=@@FOREIGN_KEY_CHECKS, FOREIGN_KEY_CHECKS=0;
SET @OLD_SQL_MODE=@@SQL_MODE, SQL_MODE='ONLY_FULL_GROUP_BY,STRICT_TRANS_TABLES,NO_ZERO_IN_DATE,NO_ZERO_DATE,ERROR_FOR_DIVISION_BY_ZERO,NO_ENGINE_SUBSTITUTION';

-- -----------------------------------------------------
-- Schema dbferreteria
-- -----------------------------------------------------

-- -----------------------------------------------------
-- Schema dbferreteria
-- -----------------------------------------------------
CREATE SCHEMA IF NOT EXISTS `dbferreteria`;
USE `dbferreteria` ;

-- -----------------------------------------------------
-- Table `dbferreteria`.`PAIS`
-- -----------------------------------------------------
CREATE TABLE IF NOT EXISTS `PAIS`
   (	`ID_PAIS` INT auto_increment PRIMARY KEY,
	`NOMBRE_PAIS` VARCHAR(40) NOT NULL,
	`ESTADO_PAIS` CHAR(1)
   ) ;
   
   INSERT INTO `pais` (`ID_PAIS`, `NOMBRE_PAIS`, `ESTADO_PAIS`) VALUES
	(1, 'Colombia', 'A');

-- -----------------------------------------------------
-- Table `dbferreteria`.`DEPARTAMENTO`
-- -----------------------------------------------------
  CREATE TABLE IF NOT EXISTS `DEPARTAMENTO`
   (	`ID_DPTO` INT auto_increment PRIMARY KEY,
	`NOMBRE_DPTO` VARCHAR(60) NOT NULL,
	`ID_PAIS_DPTO` INT NOT NULL,
	`ESTADO_DPTO` CHAR(1),
	FOREIGN KEY (`ID_PAIS_DPTO`) REFERENCES `PAIS` (`ID_PAIS`)
   ) ;
   
   INSERT INTO `departamento` (`ID_DPTO`, `NOMBRE_DPTO`, `ID_PAIS_DPTO`, `ESTADO_DPTO`) VALUES
(5, 'Antioquia', 1, 'A'),
(8, 'Atlantico', 1, 'A'),
(11, 'D.C.', 1, 'A'),
(13, 'Bolivar', 1, 'A'),
(17, 'Caldas', 1, 'A'),
(19, 'Cauca', 1, 'A'),
(20, 'Cesar', 1, 'A'),
(23, 'Cordoba', 1, 'A'),
(25, 'Cundinamarca', 1, 'A'),
(41, 'Huila', 1, 'A'),
(44, 'La Guajira', 1, 'A'),
(47, 'Magdalena', 1, 'A'),
(50, 'Meta', 1, 'A'),
(54, 'Norte de Santander', 1, 'A'),
(63, 'Quindio', 1, 'A'),
(66, 'Risaralda', 1, 'A'),
(68, 'Santander', 1, 'A'),
(70, 'Sucre', 1, 'A'),
(73, 'Tolima', 1, 'A'),
(76, 'Valle del Cauca', 1, 'A'),
(81, 'Arauca', 1, 'A'),
(85, 'Casanare', 1, 'A'),
(86, 'Putumayo', 1, 'A'),
(88, 'Archipielago de San Andres,Providencia y Santa Catalina', 1, 'A'),
(91, 'Amazonas', 1, 'A'),
(94, 'Guainia', 1, 'A'),
(95, 'Guaviare', 1, 'A'),
(97, 'Vaupes', 1, 'A'),
(99, 'Vichada', 1, 'A');

-- ----------------------------------------------------
-- Table `dbferreteria`.`CIUDAD`
-- -----------------------------------------------------
CREATE TABLE `CIUDAD`
   (	`ID_CIUDAD` INT auto_increment PRIMARY KEY,
	`COD_CIUDAD` VARCHAR(6) NOT NULL,
	`NOMBRE_CIUDAD` VARCHAR(40) NOT NULL,
	`ID_DPTO_CIUDAD` INT NOT NULL,
	`ESTADO_CIUDAD` CHAR(1),
    FOREIGN KEY (`ID_DPTO_CIUDAD`) REFERENCES `DEPARTAMENTO` (`ID_DPTO`)
   ) ;
   
   INSERT INTO `ciudad` (`ID_CIUDAD`, `COD_CIUDAD`, `NOMBRE_CIUDAD`, `ID_DPTO_CIUDAD`, `ESTADO_CIUDAD`) VALUES
(1, '051', 'MEDELLIN', 5, 'A'),
(2, '052', 'ABEJORRAL', 5, 'A'),
(3, '054', 'ABRIAQUI', 5, 'A'),
(4, '0521', 'ALEJANDRIA', 5, 'A'),
(5, '0530', 'AMAGA', 5, 'A'),
(6, '0531', 'AMALFI', 5, 'A'),
(7, '0534', 'ANDES', 5, 'A'),
(8, '0536', 'ANGELOPOLIS', 5, 'A'),
(9, '0538', 'ANGOSTURA', 5, 'A'),
(10, '0540', 'ANORI', 5, 'A'),
(11, '0542', 'SANTAFE DE ANTIOQUIA', 5, 'A'),
(12, '0544', 'ANZA', 5, 'A'),
(13, '0545', 'APARTADO', 5, 'A'),
(14, '0551', 'ARBOLETES', 5, 'A'),
(15, '0555', 'ARGELIA', 5, 'A'),
(16, '0559', 'ARMENIA', 5, 'A'),
(17, '0579', 'BARBOSA', 5, 'A'),
(18, '0586', 'BELMIRA', 5, 'A'),
(19, '0588', 'BELLO', 5, 'A'),
(20, '0591', 'BETANIA', 5, 'A'),
(21, '0593', 'BETULIA', 5, 'A'),
(22, '05101', 'CIUDAD BOLIVAR', 5, 'A'),
(23, '05107', 'BRICEÑO', 5, 'A'),
(24, '05113', 'BURITICA', 5, 'A'),
(25, '05120', 'CACERES', 5, 'A'),
(26, '05125', 'CAICEDO', 5, 'A'),
(27, '05129', 'CALDAS', 5, 'A'),
(28, '05134', 'CAMPAMENTO', 5, 'A'),
(29, '05138', 'CAASGORDAS', 5, 'A'),
(30, '05142', 'CARACOLI', 5, 'A'),
(31, '05145', 'CARAMANTA', 5, 'A'),
(32, '05147', 'CAREPA', 5, 'A'),
(33, '05148', 'EL CARMEN DE VIBORAL', 5, 'A'),
(34, '05150', 'CAROLINA', 5, 'A'),
(35, '05154', 'CAUCASIA', 5, 'A'),
(36, '05172', 'CHIGORODO', 5, 'A'),
(37, '05190', 'CISNEROS', 5, 'A'),
(38, '05197', 'COCORNA', 5, 'A'),
(39, '05206', 'CONCEPCION', 5, 'A'),
(40, '05209', 'CONCORDIA', 5, 'A'),
(41, '05212', 'COPACABANA', 5, 'A'),
(42, '05234', 'DABEIBA', 5, 'A'),
(43, '05237', 'DON MATIAS', 5, 'A'),
(44, '05240', 'EBEJICO', 5, 'A'),
(45, '05250', 'EL BAGRE', 5, 'A'),
(46, '05264', 'ENTRERRIOS', 5, 'A'),
(47, '05266', 'ENVIGADO', 5, 'A'),
(48, '05282', 'FREDONIA', 5, 'A'),
(49, '05284', 'FRONTINO', 5, 'A'),
(50, '05306', 'GIRALDO', 5, 'A'),
(51, '05308', 'GIRARDOTA', 5, 'A'),
(52, '05310', 'GOMEZ PLATA', 5, 'A'),
(53, '05313', 'GRANADA', 5, 'A'),
(54, '05315', 'GUADALUPE', 5, 'A'),
(55, '05318', 'GUARNE', 5, 'A'),
(56, '05321', 'GUATAPE', 5, 'A'),
(57, '05347', 'HELICONIA', 5, 'A'),
(58, '05353', 'HISPANIA', 5, 'A'),
(59, '05360', 'ITAGUI', 5, 'A'),
(60, '05361', 'ITUANGO', 5, 'A'),
(61, '05364', 'JARDIN', 5, 'A'),
(62, '05368', 'JERICO', 5, 'A'),
(63, '05376', 'LA CEJA', 5, 'A'),
(64, '05380', 'LA ESTRELLA', 5, 'A'),
(65, '05390', 'LA PINTADA', 5, 'A'),
(66, '05400', 'LA UNION', 5, 'A'),
(67, '05411', 'LIBORINA', 5, 'A'),
(68, '05425', 'MACEO', 5, 'A'),
(69, '05440', 'MARINILLA', 5, 'A'),
(70, '05467', 'MONTEBELLO', 5, 'A'),
(71, '05475', 'MURINDO', 5, 'A'),
(72, '05480', 'MUTATA', 5, 'A'),
(73, '05483', 'NARIÑO', 5, 'A'),
(74, '05490', 'NECOCLI', 5, 'A'),
(75, '05495', 'NECHI', 5, 'A'),
(76, '05501', 'OLAYA', 5, 'A'),
(77, '05541', 'PEÑOL', 5, 'A'),
(78, '05543', 'PEQUE', 5, 'A'),
(79, '05576', 'PUEBLORRICO', 5, 'A'),
(80, '05579', 'PUERTO BERRIO', 5, 'A'),
(81, '05585', 'PUERTO NARE', 5, 'A'),
(82, '05591', 'PUERTO TRIUNFO', 5, 'A'),
(83, '05604', 'REMEDIOS', 5, 'A'),
(84, '05607', 'RETIRO', 5, 'A'),
(85, '05615', 'RIONEGRO', 5, 'A'),
(86, '05628', 'SABANALARGA', 5, 'A'),
(87, '05631', 'SABANETA', 5, 'A'),
(88, '05642', 'SALGAR', 5, 'A'),
(89, '05647', 'SAN ANDRES', 5, 'A'),
(90, '05649', 'SAN CARLOS', 5, 'A'),
(91, '05652', 'SAN FRANCISCO', 5, 'A'),
(92, '05656', 'SAN JERONIMO', 5, 'A'),
(93, '05658', 'SAN JOSE DE LA MONTAÑA', 5, 'A'),
(94, '05659', 'SAN JUAN DE URABA', 5, 'A'),
(95, '05660', 'SAN LUIS', 5, 'A'),
(96, '05664', 'SAN PEDRO', 5, 'A'),
(97, '05665', 'SAN PEDRO DE URABA', 5, 'A'),
(98, '05667', 'SAN RAFAEL', 5, 'A'),
(99, '05670', 'SAN ROQUE', 5, 'A'),
(100, '05674', 'SAN VICENTE', 5, 'A'),
(101, '05679', 'SANTA BARBARA', 5, 'A'),
(102, '05686', 'SANTA ROSA DE OSOS', 5, 'A'),
(103, '05690', 'SANTO DOMINGO', 5, 'A'),
(104, '05697', 'EL SANTUARIO', 5, 'A'),
(105, '05736', 'SEGOVIA', 5, 'A'),
(106, '05756', 'SONSON', 5, 'A'),
(107, '05761', 'SOPETRAN', 5, 'A'),
(108, '05789', 'TAMESIS', 5, 'A'),
(109, '05790', 'TARAZA', 5, 'A'),
(110, '05792', 'TARSO', 5, 'A'),
(111, '05809', 'TITIRIBI', 5, 'A'),
(112, '05819', 'TOLEDO', 5, 'A'),
(113, '05837', 'TURBO', 5, 'A'),
(114, '05842', 'URAMITA', 5, 'A'),
(115, '05847', 'URRAO', 5, 'A'),
(116, '05854', 'VALDIVIA', 5, 'A'),
(117, '05856', 'VALPARAISO', 5, 'A'),
(118, '05858', 'VEGACHI', 5, 'A'),
(119, '05861', 'VENECIA', 5, 'A'),
(120, '05873', 'VIGIA DEL FUERTE', 5, 'A'),
(121, '05885', 'YALI', 5, 'A'),
(122, '05887', 'YARUMAL', 5, 'A'),
(123, '05890', 'YOLOMBO', 5, 'A'),
(124, '05893', 'YONDO', 5, 'A'),
(125, '05895', 'ZARAGOZA', 5, 'A'),
(126, '081', 'BARRANQUILLA', 8, 'A'),
(127, '0878', 'BARANOA', 8, 'A'),
(128, '08137', 'CAMPO DE LA CRUZ', 8, 'A'),
(129, '08141', 'CANDELARIA', 8, 'A'),
(130, '08296', 'GALAPA', 8, 'A'),
(131, '08372', 'JUAN DE ACOSTA', 8, 'A'),
(132, '08421', 'LURUACO', 8, 'A'),
(133, '08433', 'MALAMBO', 8, 'A'),
(134, '08436', 'MANATI', 8, 'A'),
(135, '08520', 'PALMAR DE VARELA', 8, 'A'),
(136, '08549', 'PIOJO', 8, 'A'),
(137, '08558', 'POLONUEVO', 8, 'A'),
(138, '08560', 'PONEDERA', 8, 'A'),
(139, '08573', 'PUERTO COLOMBIA', 8, 'A'),
(140, '08606', 'REPELON', 8, 'A'),
(141, '08634', 'SABANAGRANDE', 8, 'A'),
(142, '08638', 'SABANALARGA', 8, 'A'),
(143, '08675', 'SANTA LUCIA', 8, 'A'),
(144, '08685', 'SANTO TOMAS', 8, 'A'),
(145, '08758', 'SOLEDAD', 8, 'A'),
(146, '08770', 'SUAN', 8, 'A'),
(147, '08832', 'TUBARA', 8, 'A'),
(148, '08849', 'USIACURI', 8, 'A'),
(149, '0111', 'BOGOTA', 11, 'A'),
(150, '0131', 'CARTAGENA', 13, 'A'),
(151, '0136', 'ACHI', 13, 'A'),
(152, '01330', 'ALTOS DEL ROSARIO', 13, 'A'),
(153, '01342', 'ARENAL', 13, 'A'),
(154, '01352', 'ARJONA', 13, 'A'),
(155, '01362', 'ARROYOHONDO', 13, 'A'),
(156, '01374', 'BARRANCO DE LOBA', 13, 'A'),
(157, '013140', 'CALAMAR', 13, 'A'),
(158, '013160', 'CANTAGALLO', 13, 'A'),
(159, '013188', 'CICUCO', 13, 'A'),
(160, '013212', 'CORDOBA', 13, 'A'),
(161, '013222', 'CLEMENCIA', 13, 'A'),
(162, '013244', 'EL CARMEN DE BOLIVAR', 13, 'A'),
(163, '013248', 'EL GUAMO', 13, 'A'),
(164, '013268', 'EL PEÑON', 13, 'A'),
(165, '013300', 'HATILLO DE LOBA', 13, 'A'),
(166, '013430', 'MAGANGUE', 13, 'A'),
(167, '013433', 'MAHATES', 13, 'A'),
(168, '013440', 'MARGARITA', 13, 'A'),
(169, '013442', 'MARIA LA BAJA', 13, 'A'),
(170, '013458', 'MONTECRISTO', 13, 'A'),
(171, '013468', 'MOMPOS', 13, 'A'),
(172, '013473', 'MORALES', 13, 'A'),
(173, '013549', 'PINILLOS', 13, 'A'),
(174, '013580', 'REGIDOR', 13, 'A'),
(175, '013600', 'RIO VIEJO', 13, 'A'),
(176, '013620', 'SAN CRISTOBAL', 13, 'A'),
(177, '013647', 'SAN ESTANISLAO', 13, 'A'),
(178, '013650', 'SAN FERNANDO', 13, 'A'),
(179, '013654', 'SAN JACINTO', 13, 'A'),
(180, '013655', 'SAN JACINTO DEL CAUCA', 13, 'A'),
(181, '013657', 'SAN JUAN NEPOMUCENO', 13, 'A'),
(182, '013667', 'SAN MARTIN DE LOBA', 13, 'A'),
(183, '013670', 'SAN PABLO', 13, 'A'),
(184, '013673', 'SANTA CATALINA', 13, 'A'),
(185, '013683', 'SANTA ROSA', 13, 'A'),
(186, '013688', 'SANTA ROSA DEL SUR', 13, 'A'),
(187, '013744', 'SIMITI', 13, 'A'),
(188, '013760', 'SOPLAVIENTO', 13, 'A'),
(189, '013780', 'TALAIGUA NUEVO', 13, 'A'),
(190, '013810', 'TIQUISIO', 13, 'A'),
(191, '013836', 'TURBACO', 13, 'A'),
(192, '013838', 'TURBANA', 13, 'A'),
(193, '013873', 'VILLANUEVA', 13, 'A'),
(194, '013894', 'ZAMBRANO', 13, 'A'),
(318, '0171', 'MANIZALES', 17, 'A'),
(319, '01713', 'AGUADAS', 17, 'A'),
(320, '01742', 'ANSERMA', 17, 'A'),
(321, '01750', 'ARANZAZU', 17, 'A'),
(322, '01788', 'BELALCAZAR', 17, 'A'),
(323, '017174', 'CHINCHINA', 17, 'A'),
(324, '017272', 'FILADELFIA', 17, 'A'),
(325, '017380', 'LA DORADA', 17, 'A'),
(326, '017388', 'LA MERCED', 17, 'A'),
(327, '017433', 'MANZANARES', 17, 'A'),
(328, '017442', 'MARMATO', 17, 'A'),
(329, '017444', 'MARQUETALIA', 17, 'A'),
(330, '017446', 'MARULANDA', 17, 'A'),
(331, '017486', 'NEIRA', 17, 'A'),
(332, '017495', 'NORCASIA', 17, 'A'),
(333, '017513', 'PACORA', 17, 'A'),
(334, '017524', 'PALESTINA', 17, 'A'),
(335, '017541', 'PENSILVANIA', 17, 'A'),
(336, '017614', 'RIOSUCIO', 17, 'A'),
(337, '017616', 'RISARALDA', 17, 'A'),
(338, '017653', 'SALAMINA', 17, 'A'),
(339, '017662', 'SAMANA', 17, 'A'),
(340, '017665', 'SAN JOSE', 17, 'A'),
(341, '017777', 'SUPIA', 17, 'A'),
(342, '017867', 'VICTORIA', 17, 'A'),
(343, '017873', 'VILLAMARIA', 17, 'A'),
(344, '017877', 'VITERBO', 17, 'A'),
(361, '0191', 'POPAYAN', 19, 'A'),
(362, '01922', 'ALMAGUER', 19, 'A'),
(363, '01950', 'ARGELIA', 19, 'A'),
(364, '01975', 'BALBOA', 19, 'A'),
(365, '019100', 'BOLIVAR', 19, 'A'),
(366, '019110', 'BUENOS AIRES', 19, 'A'),
(367, '019130', 'CAJIBIO', 19, 'A'),
(368, '019137', 'CALDONO', 19, 'A'),
(369, '019142', 'CALOTO', 19, 'A'),
(370, '019212', 'CORINTO', 19, 'A'),
(371, '019256', 'EL TAMBO', 19, 'A'),
(372, '019290', 'FLORENCIA', 19, 'A'),
(373, '019318', 'GUAPI', 19, 'A'),
(374, '019355', 'INZA', 19, 'A'),
(375, '019364', 'JAMBALO', 19, 'A'),
(376, '019392', 'LA SIERRA', 19, 'A'),
(377, '019397', 'LA VEGA', 19, 'A'),
(378, '019418', 'LOPEZ', 19, 'A'),
(379, '019450', 'MERCADERES', 19, 'A'),
(380, '019455', 'MIRANDA', 19, 'A'),
(381, '019473', 'MORALES', 19, 'A'),
(382, '019513', 'PADILLA', 19, 'A'),
(383, '019517', 'PAEZ', 19, 'A'),
(384, '019532', 'PATIA', 19, 'A'),
(385, '019533', 'PIAMONTE', 19, 'A'),
(386, '019548', 'PIENDAMO', 19, 'A'),
(387, '019573', 'PUERTO TEJADA', 19, 'A'),
(388, '019585', 'PURACE', 19, 'A'),
(389, '019622', 'ROSAS', 19, 'A'),
(390, '019693', 'SAN SEBASTIAN', 19, 'A'),
(391, '019698', 'SANTANDER DE QUILICHAO', 19, 'A'),
(392, '019701', 'SANTA ROSA', 19, 'A'),
(393, '019743', 'SILVIA', 19, 'A'),
(394, '019760', 'SOTARA', 19, 'A'),
(395, '019780', 'SUAREZ', 19, 'A'),
(396, '019785', 'SUCRE', 19, 'A'),
(397, '019807', 'TIMBIO', 19, 'A'),
(398, '019809', 'TIMBIQUI', 19, 'A'),
(399, '019821', 'TORIBIO', 19, 'A'),
(400, '019824', 'TOTORO', 19, 'A'),
(401, '019845', 'VILLA RICA', 19, 'A'),
(402, '0201', 'VALLEDUPAR', 20, 'A'),
(403, '02011', 'AGUACHICA', 20, 'A'),
(404, '02013', 'AGUSTIN CODAZZI', 20, 'A'),
(405, '02032', 'ASTREA', 20, 'A'),
(406, '02045', 'BECERRIL', 20, 'A'),
(407, '02060', 'BOSCONIA', 20, 'A'),
(408, '020175', 'CHIMICHAGUA', 20, 'A'),
(409, '020178', 'CHIRIGUANA', 20, 'A'),
(410, '020228', 'CURUMANI', 20, 'A'),
(411, '020238', 'EL COPEY', 20, 'A'),
(412, '020250', 'EL PASO', 20, 'A'),
(413, '020295', 'GAMARRA', 20, 'A'),
(414, '020310', 'GONZALEZ', 20, 'A'),
(415, '020383', 'LA GLORIA', 20, 'A'),
(416, '020400', 'LA JAGUA DE IBIRICO', 20, 'A'),
(417, '020443', 'MANAURE', 20, 'A'),
(418, '020517', 'PAILITAS', 20, 'A'),
(419, '020550', 'PELAYA', 20, 'A'),
(420, '020570', 'PUEBLO BELLO', 20, 'A'),
(421, '020614', 'RIO DE ORO', 20, 'A'),
(422, '020621', 'LA PAZ', 20, 'A'),
(423, '020710', 'SAN ALBERTO', 20, 'A'),
(424, '020750', 'SAN DIEGO', 20, 'A'),
(425, '020770', 'SAN MARTIN', 20, 'A'),
(426, '020787', 'TAMALAMEQUE', 20, 'A'),
(427, '0231', 'MONTERIA', 23, 'A'),
(428, '02368', 'AYAPEL', 23, 'A'),
(429, '02379', 'BUENAVISTA', 23, 'A'),
(430, '02390', 'CANALETE', 23, 'A'),
(431, '023162', 'CERETE', 23, 'A'),
(432, '023168', 'CHIMA', 23, 'A'),
(433, '023182', 'CHINU', 23, 'A'),
(434, '023189', 'CIENAGA DE ORO', 23, 'A'),
(435, '023300', 'COTORRA', 23, 'A'),
(436, '023350', 'LA APARTADA', 23, 'A'),
(437, '023417', 'LORICA', 23, 'A'),
(438, '023419', 'LOS CORDOBAS', 23, 'A'),
(439, '023464', 'MOMIL', 23, 'A'),
(440, '023466', 'MONTELIBANO', 23, 'A'),
(441, '023500', 'MOÑITOS', 23, 'A'),
(442, '023555', 'PLANETA RICA', 23, 'A'),
(443, '023570', 'PUEBLO NUEVO', 23, 'A'),
(444, '023574', 'PUERTO ESCONDIDO', 23, 'A'),
(445, '023580', 'PUERTO LIBERTADOR', 23, 'A'),
(446, '023586', 'PURISIMA', 23, 'A'),
(447, '023660', 'SAHAGUN', 23, 'A'),
(448, '023670', 'SAN ANDRES DE SOTAVENTO', 23, 'A'),
(449, '023672', 'SAN ANTERO', 23, 'A'),
(450, '023675', 'SAN BERNARDO DEL VIENTO', 23, 'A'),
(451, '023678', 'SAN CARLOS', 23, 'A'),
(452, '023686', 'SAN PELAYO', 23, 'A'),
(453, '023807', 'TIERRALTA', 23, 'A'),
(454, '023855', 'VALENCIA', 23, 'A'),
(455, '0251', 'AGUA DE DIOS', 25, 'A'),
(456, '02519', 'ALBAN', 25, 'A'),
(457, '02535', 'ANAPOIMA', 25, 'A'),
(458, '02540', 'ANOLAIMA', 25, 'A'),
(459, '02553', 'ARBELAEZ', 25, 'A'),
(460, '02586', 'BELTRAN', 25, 'A'),
(461, '02595', 'BITUIMA', 25, 'A'),
(462, '02599', 'BOJACA', 25, 'A'),
(463, '025120', 'CABRERA', 25, 'A'),
(464, '025123', 'CACHIPAY', 25, 'A'),
(465, '025126', 'CAJICA', 25, 'A'),
(466, '025148', 'CAPARRAPI', 25, 'A'),
(467, '025151', 'CAQUEZA', 25, 'A'),
(468, '025154', 'CARMEN DE CARUPA', 25, 'A'),
(469, '025168', 'CHAGUANI', 25, 'A'),
(470, '025175', 'CHIA', 25, 'A'),
(471, '025178', 'CHIPAQUE', 25, 'A'),
(472, '025181', 'CHOACHI', 25, 'A'),
(473, '025183', 'CHOCONTA', 25, 'A'),
(474, '025200', 'COGUA', 25, 'A'),
(475, '025214', 'COTA', 25, 'A'),
(476, '025224', 'CUCUNUBA', 25, 'A'),
(477, '025245', 'EL COLEGIO', 25, 'A'),
(478, '025258', 'EL PEÑON', 25, 'A'),
(479, '025260', 'EL ROSAL', 25, 'A'),
(480, '025269', 'FACATATIVA', 25, 'A'),
(481, '025279', 'FOMEQUE', 25, 'A'),
(482, '025281', 'FOSCA', 25, 'A'),
(483, '025286', 'FUNZA', 25, 'A'),
(484, '025288', 'FUQUENE', 25, 'A'),
(485, '025290', 'FUSAGASUGA', 25, 'A'),
(486, '025293', 'GACHALA', 25, 'A'),
(487, '025295', 'GACHANCIPA', 25, 'A'),
(488, '025297', 'GACHETA', 25, 'A'),
(489, '025299', 'GAMA', 25, 'A'),
(490, '025307', 'GIRARDOT', 25, 'A'),
(491, '025312', 'GRANADA', 25, 'A'),
(492, '025317', 'GUACHETA', 25, 'A'),
(493, '025320', 'GUADUAS', 25, 'A'),
(494, '025322', 'GUASCA', 25, 'A'),
(495, '025324', 'GUATAQUI', 25, 'A'),
(496, '025326', 'GUATAVITA', 25, 'A'),
(497, '025328', 'GUAYABAL DE SIQUIMA', 25, 'A'),
(498, '025335', 'GUAYABETAL', 25, 'A'),
(499, '025339', 'GUTIERREZ', 25, 'A'),
(500, '025368', 'JERUSALEN', 25, 'A'),
(501, '025372', 'JUNIN', 25, 'A'),
(502, '025377', 'LA CALERA', 25, 'A'),
(503, '025386', 'LA MESA', 25, 'A'),
(504, '025394', 'LA PALMA', 25, 'A'),
(505, '025398', 'LA PEÑA', 25, 'A'),
(506, '025402', 'LA VEGA', 25, 'A'),
(507, '025407', 'LENGUAZAQUE', 25, 'A'),
(508, '025426', 'MACHETA', 25, 'A'),
(509, '025430', 'MADRID', 25, 'A'),
(510, '025436', 'MANTA', 25, 'A'),
(511, '025438', 'MEDINA', 25, 'A'),
(512, '025473', 'MOSQUERA', 25, 'A'),
(513, '025483', 'NARIÑO', 25, 'A'),
(514, '025486', 'NEMOCON', 25, 'A'),
(515, '025488', 'NILO', 25, 'A'),
(516, '025489', 'NIMAIMA', 25, 'A'),
(517, '025491', 'NOCAIMA', 25, 'A'),
(518, '025506', 'VENECIA', 25, 'A'),
(519, '025513', 'PACHO', 25, 'A'),
(520, '025518', 'PAIME', 25, 'A'),
(521, '025524', 'PANDI', 25, 'A'),
(522, '025530', 'PARATEBUENO', 25, 'A'),
(523, '025535', 'PASCA', 25, 'A'),
(524, '025572', 'PUERTO SALGAR', 25, 'A'),
(525, '025580', 'PULI', 25, 'A'),
(526, '025592', 'QUEBRADANEGRA', 25, 'A'),
(527, '025594', 'QUETAME', 25, 'A'),
(528, '025596', 'QUIPILE', 25, 'A'),
(529, '025599', 'APULO', 25, 'A'),
(530, '025612', 'RICAURTE', 25, 'A'),
(531, '025645', 'SAN ANTONIO DEL TEQUENDAMA', 25, 'A'),
(532, '025649', 'SAN BERNARDO', 25, 'A'),
(533, '025653', 'SAN CAYETANO', 25, 'A'),
(534, '025658', 'SAN FRANCISCO', 25, 'A'),
(535, '025662', 'SAN JUAN DE RIO SECO', 25, 'A'),
(536, '025718', 'SASAIMA', 25, 'A'),
(537, '025736', 'SESQUILE', 25, 'A'),
(538, '025740', 'SIBATE', 25, 'A'),
(539, '025743', 'SILVANIA', 25, 'A'),
(540, '025745', 'SIMIJACA', 25, 'A'),
(541, '025754', 'SOACHA', 25, 'A'),
(542, '025758', 'SOPO', 25, 'A'),
(543, '025769', 'SUBACHOQUE', 25, 'A'),
(544, '025772', 'SUESCA', 25, 'A'),
(545, '025777', 'SUPATA', 25, 'A'),
(546, '025779', 'SUSA', 25, 'A'),
(547, '025781', 'SUTATAUSA', 25, 'A'),
(548, '025785', 'TABIO', 25, 'A'),
(549, '025793', 'TAUSA', 25, 'A'),
(550, '025797', 'TENA', 25, 'A'),
(551, '025799', 'TENJO', 25, 'A'),
(552, '025805', 'TIBACUY', 25, 'A'),
(553, '025807', 'TIBIRITA', 25, 'A'),
(554, '025815', 'TOCAIMA', 25, 'A'),
(555, '025817', 'TOCANCIPA', 25, 'A'),
(556, '025823', 'TOPAIPI', 25, 'A'),
(557, '025839', 'UBALA', 25, 'A'),
(558, '025841', 'UBAQUE', 25, 'A'),
(559, '025843', 'VILLA DE SAN DIEGO DE UBATE', 25, 'A'),
(560, '025845', 'UNE', 25, 'A'),
(561, '025851', 'UTICA', 25, 'A'),
(562, '025862', 'VERGARA', 25, 'A'),
(563, '025867', 'VIANI', 25, 'A'),
(564, '025871', 'VILLAGOMEZ', 25, 'A'),
(565, '025873', 'VILLAPINZON', 25, 'A'),
(566, '025875', 'VILLETA', 25, 'A'),
(567, '025878', 'VIOTA', 25, 'A'),
(568, '025885', 'YACOPI', 25, 'A'),
(569, '025898', 'ZIPACON', 25, 'A'),
(570, '025899', 'ZIPAQUIRA', 25, 'A'),
(602, '0411', 'NEIVA', 41, 'A'),
(603, '0416', 'ACEVEDO', 41, 'A'),
(604, '04113', 'AGRADO', 41, 'A'),
(605, '04116', 'AIPE', 41, 'A'),
(606, '04120', 'ALGECIRAS', 41, 'A'),
(607, '04126', 'ALTAMIRA', 41, 'A'),
(608, '04178', 'BARAYA', 41, 'A'),
(609, '041132', 'CAMPOALEGRE', 41, 'A'),
(610, '041206', 'COLOMBIA', 41, 'A'),
(611, '041244', 'ELIAS', 41, 'A'),
(612, '041298', 'GARZON', 41, 'A'),
(613, '041306', 'GIGANTE', 41, 'A'),
(614, '041319', 'GUADALUPE', 41, 'A'),
(615, '041349', 'HOBO', 41, 'A'),
(616, '041357', 'IQUIRA', 41, 'A'),
(617, '041359', 'ISNOS', 41, 'A'),
(618, '041378', 'LA ARGENTINA', 41, 'A'),
(619, '041396', 'LA PLATA', 41, 'A'),
(620, '041483', 'NATAGA', 41, 'A'),
(621, '041503', 'OPORAPA', 41, 'A'),
(622, '041518', 'PAICOL', 41, 'A'),
(623, '041524', 'PALERMO', 41, 'A'),
(624, '041530', 'PALESTINA', 41, 'A'),
(625, '041548', 'PITAL', 41, 'A'),
(626, '041551', 'PITALITO', 41, 'A'),
(627, '041615', 'RIVERA', 41, 'A'),
(628, '041660', 'SALADOBLANCO', 41, 'A'),
(629, '041668', 'SAN AGUSTIN', 41, 'A'),
(630, '041676', 'SANTA MARIA', 41, 'A'),
(631, '041770', 'SUAZA', 41, 'A'),
(632, '041791', 'TARQUI', 41, 'A'),
(633, '041797', 'TESALIA', 41, 'A'),
(634, '041799', 'TELLO', 41, 'A'),
(635, '041801', 'TERUEL', 41, 'A'),
(636, '041807', 'TIMANA', 41, 'A'),
(637, '041872', 'VILLAVIEJA', 41, 'A'),
(638, '041885', 'YAGUARA', 41, 'A'),
(639, '0441', 'RIOHACHA', 44, 'A'),
(640, '04435', 'ALBANIA', 44, 'A'),
(641, '04478', 'BARRANCAS', 44, 'A'),
(642, '04490', 'DIBULLA', 44, 'A'),
(643, '04498', 'DISTRACCION', 44, 'A'),
(644, '044110', 'EL MOLINO', 44, 'A'),
(645, '044279', 'FONSECA', 44, 'A'),
(646, '044378', 'HATONUEVO', 44, 'A'),
(647, '044420', 'LA JAGUA DEL PILAR', 44, 'A'),
(648, '044430', 'MAICAO', 44, 'A'),
(649, '044560', 'MANAURE', 44, 'A'),
(650, '044650', 'SAN JUAN DEL CESAR', 44, 'A'),
(651, '044847', 'URIBIA', 44, 'A'),
(652, '044855', 'URUMITA', 44, 'A'),
(653, '044874', 'VILLANUEVA', 44, 'A'),
(654, '0471', 'SANTA MARTA', 47, 'A'),
(655, '04730', 'ALGARROBO', 47, 'A'),
(656, '04753', 'ARACATACA', 47, 'A'),
(657, '04758', 'ARIGUANI', 47, 'A'),
(658, '047161', 'CERRO SAN ANTONIO', 47, 'A'),
(659, '047170', 'CHIVOLO', 47, 'A'),
(660, '047189', 'CIENAGA', 47, 'A'),
(661, '047205', 'CONCORDIA', 47, 'A'),
(662, '047245', 'EL BANCO', 47, 'A'),
(663, '047258', 'EL PIÑON', 47, 'A'),
(664, '047268', 'EL RETEN', 47, 'A'),
(665, '047288', 'FUNDACION', 47, 'A'),
(666, '047318', 'GUAMAL', 47, 'A'),
(667, '047460', 'NUEVA GRANADA', 47, 'A'),
(668, '047541', 'PEDRAZA', 47, 'A'),
(669, '047545', 'PIJIÑO DEL CARMEN', 47, 'A'),
(670, '047551', 'PIVIJAY', 47, 'A'),
(671, '047555', 'PLATO', 47, 'A'),
(672, '047570', 'PUEBLOVIEJO', 47, 'A'),
(673, '047605', 'REMOLINO', 47, 'A'),
(674, '047660', 'SABANAS DE SAN ANGEL', 47, 'A'),
(675, '047675', 'SALAMINA', 47, 'A'),
(676, '047692', 'SAN', 47, 'A'),
(677, '047703', 'SAN ZENON', 47, 'A'),
(678, '047707', 'SANTA ANA', 47, 'A'),
(679, '047720', 'SANTA BARBARA DE PINTO', 47, 'A'),
(680, '047745', 'SITIONUEVO', 47, 'A'),
(681, '047798', 'TENERIFE', 47, 'A'),
(682, '047960', 'ZAPAYAN', 47, 'A'),
(683, '047980', 'ZONA BANANERA', 47, 'A'),
(684, '0501', 'VILLAVICENCIO', 50, 'A'),
(685, '0506', 'ACACIAS', 50, 'A'),
(686, '050110', 'BARRANCA DE UPIA', 50, 'A'),
(687, '050124', 'CABUYARO', 50, 'A'),
(688, '050150', 'CASTILLA LA NUEVA', 50, 'A'),
(689, '050223', 'CUBARRAL', 50, 'A'),
(690, '050226', 'CUMARAL', 50, 'A'),
(691, '050245', 'EL CALVARIO', 50, 'A'),
(692, '050251', 'EL CASTILLO', 50, 'A'),
(693, '050270', 'EL DORADO', 50, 'A'),
(694, '050287', 'FUENTE DE ORO', 50, 'A'),
(695, '050313', 'GRANADA', 50, 'A'),
(696, '050318', 'GUAMAL', 50, 'A'),
(697, '050325', 'MAPIRIPAN', 50, 'A'),
(698, '050330', 'MESETAS', 50, 'A'),
(699, '050350', 'LA MACARENA', 50, 'A'),
(700, '050370', 'URIBE', 50, 'A'),
(701, '050400', 'LEJANIAS', 50, 'A'),
(702, '050450', 'PUERTO CONCORDIA', 50, 'A'),
(703, '050568', 'PUERTO GAITAN', 50, 'A'),
(704, '050573', 'PUERTO LOPEZ', 50, 'A'),
(705, '050577', 'PUERTO LLERAS', 50, 'A'),
(706, '050590', 'PUERTO RICO', 50, 'A'),
(707, '050606', 'RESTREPO', 50, 'A'),
(708, '050680', 'SAN CARLOS DE GUAROA', 50, 'A'),
(709, '050683', 'SAN JUAN DE ARAMA', 50, 'A'),
(710, '050686', 'SAN JUANITO', 50, 'A'),
(711, '050689', 'SAN MARTIN', 50, 'A'),
(712, '050711', 'VISTA HERMOSA', 50, 'A'),
(777, '0541', 'CUCUTA', 54, 'A'),
(778, '0543', 'ABREGO', 54, 'A'),
(779, '05451', 'ARBOLEDAS', 54, 'A'),
(780, '05499', 'BOCHALEMA', 54, 'A'),
(781, '054109', 'BUCARASICA', 54, 'A'),
(782, '054125', 'CACOTA', 54, 'A'),
(783, '054128', 'CACHIRA', 54, 'A'),
(784, '054172', 'CHINACOTA', 54, 'A'),
(785, '054174', 'CHITAGA', 54, 'A'),
(786, '054206', 'CONVENCION', 54, 'A'),
(787, '054223', 'CUCUTILLA', 54, 'A'),
(788, '054239', 'DURANIA', 54, 'A'),
(789, '054245', 'EL CARMEN', 54, 'A'),
(790, '054250', 'EL TARRA', 54, 'A'),
(791, '054261', 'EL ZULIA', 54, 'A'),
(792, '054313', 'GRAMALOTE', 54, 'A'),
(793, '054344', 'HACARI', 54, 'A'),
(794, '054347', 'HERRAN', 54, 'A'),
(795, '054377', 'LABATECA', 54, 'A'),
(796, '054385', 'LA ESPERANZA', 54, 'A'),
(797, '054398', 'LA PLAYA', 54, 'A'),
(798, '054405', 'LOS PATIOS', 54, 'A'),
(799, '054418', 'LOURDES', 54, 'A'),
(800, '054480', 'MUTISCUA', 54, 'A'),
(801, '054498', 'OCAÑA', 54, 'A'),
(802, '054518', 'PAMPLONA', 54, 'A'),
(803, '054520', 'PAMPLONITA', 54, 'A'),
(804, '054553', 'PUERTO SANTANDER', 54, 'A'),
(805, '054599', 'RAGONVALIA', 54, 'A'),
(806, '054660', 'SALAZAR', 54, 'A'),
(807, '054670', 'SAN CALIXTO', 54, 'A'),
(808, '054673', 'SAN CAYETANO', 54, 'A'),
(809, '054680', 'SANTIAGO', 54, 'A'),
(810, '054720', 'SARDINATA', 54, 'A'),
(811, '054743', 'SILOS', 54, 'A'),
(812, '054800', 'TEORAMA', 54, 'A'),
(813, '054810', 'TIBU', 54, 'A'),
(814, '054820', 'TOLEDO', 54, 'A'),
(815, '054871', 'VILLA CARO', 54, 'A'),
(816, '054874', 'VILLA DEL ROSARIO', 54, 'A'),
(817, '0631', 'ARMENIA', 63, 'A'),
(818, '063111', 'BUENAVISTA', 63, 'A'),
(819, '063130', 'CALARCA', 63, 'A'),
(820, '063190', 'CIRCASIA', 63, 'A'),
(821, '063212', 'CORDOBA', 63, 'A'),
(822, '063272', 'FILANDIA', 63, 'A'),
(823, '063302', 'GENOVA', 63, 'A'),
(824, '063401', 'LA TEBAIDA', 63, 'A'),
(825, '063470', 'MONTENEGRO', 63, 'A'),
(826, '063548', 'PIJAO', 63, 'A'),
(827, '063594', 'QUIMBAYA', 63, 'A'),
(828, '063690', 'SALENTO', 63, 'A'),
(829, '0661', 'PEREIRA', 66, 'A'),
(830, '06645', 'APIA', 66, 'A'),
(831, '06675', 'BALBOA', 66, 'A'),
(832, '06688', 'BELEN DE UMBRIA', 66, 'A'),
(833, '066170', 'DOSQUEBRADAS', 66, 'A'),
(834, '066318', 'GUATICA', 66, 'A'),
(835, '066383', 'LA CELIA', 66, 'A'),
(836, '066400', 'LA VIRGINIA', 66, 'A'),
(837, '066440', 'MARSELLA', 66, 'A'),
(838, '066456', 'MISTRATO', 66, 'A'),
(839, '066572', 'PUEBLO RICO', 66, 'A'),
(840, '066594', 'QUINCHIA', 66, 'A'),
(841, '066682', 'SANTA ROSA DE CABAL', 66, 'A'),
(842, '066687', 'SANTUARIO', 66, 'A'),
(843, '0681', 'BUCARAMANGA', 68, 'A'),
(844, '06813', 'AGUADA', 68, 'A'),
(845, '06820', 'ALBANIA', 68, 'A'),
(846, '06851', 'ARATOCA', 68, 'A'),
(847, '06877', 'BARBOSA', 68, 'A'),
(848, '06879', 'BARICHARA', 68, 'A'),
(849, '06881', 'BARRANCABERMEJA', 68, 'A'),
(850, '06892', 'BETULIA', 68, 'A'),
(851, '068101', 'BOLIVAR', 68, 'A'),
(852, '068121', 'CABRERA', 68, 'A'),
(853, '068132', 'CALIFORNIA', 68, 'A'),
(854, '068147', 'CAPITANEJO', 68, 'A'),
(855, '068152', 'CARCASI', 68, 'A'),
(856, '068160', 'CEPITA', 68, 'A'),
(857, '068162', 'CERRITO', 68, 'A'),
(858, '068167', 'CHARALA', 68, 'A'),
(859, '068169', 'CHARTA', 68, 'A'),
(860, '068176', 'CHIMA', 68, 'A'),
(861, '068179', 'CHIPATA', 68, 'A'),
(862, '068190', 'CIMITARRA', 68, 'A'),
(863, '068207', 'CONCEPCION', 68, 'A'),
(864, '068209', 'CONFINES', 68, 'A'),
(865, '068211', 'CONTRATACION', 68, 'A'),
(866, '068217', 'COROMORO', 68, 'A'),
(867, '068229', 'CURITI', 68, 'A'),
(868, '068235', 'EL CARMEN DE CHUCURI', 68, 'A'),
(869, '068245', 'EL GUACAMAYO', 68, 'A'),
(870, '068250', 'EL PEÑON', 68, 'A'),
(871, '068255', 'EL PLAYON', 68, 'A'),
(872, '068264', 'ENCINO', 68, 'A'),
(873, '068266', 'ENCISO', 68, 'A'),
(874, '068271', 'FLORIAN', 68, 'A'),
(875, '068276', 'FLORIDABLANCA', 68, 'A'),
(876, '068296', 'GALAN', 68, 'A'),
(877, '068298', 'GAMBITA', 68, 'A'),
(878, '068307', 'GIRON', 68, 'A'),
(879, '068318', 'GUACA', 68, 'A'),
(880, '068320', 'GUADALUPE', 68, 'A'),
(881, '068322', 'GUAPOTA', 68, 'A'),
(882, '068324', 'GUAVATA', 68, 'A'),
(883, '068327', 'GÜEPSA', 68, 'A'),
(884, '068344', 'HATO', 68, 'A'),
(885, '068368', 'JESUS MARIA', 68, 'A'),
(886, '068370', 'JORDAN', 68, 'A'),
(887, '068377', 'LA BELLEZA', 68, 'A'),
(888, '068385', 'LANDAZURI', 68, 'A'),
(889, '068397', 'LA PAZ', 68, 'A'),
(890, '068406', 'LEBRIJA', 68, 'A'),
(891, '068418', 'LOS SANTOS', 68, 'A'),
(892, '068425', 'MACARAVITA', 68, 'A'),
(893, '068432', 'MALAGA', 68, 'A'),
(894, '068444', 'MATANZA', 68, 'A'),
(895, '068464', 'MOGOTES', 68, 'A'),
(896, '068468', 'MOLAGAVITA', 68, 'A'),
(897, '068498', 'OCAMONTE', 68, 'A'),
(898, '068500', 'OIBA', 68, 'A'),
(899, '068502', 'ONZAGA', 68, 'A'),
(900, '068522', 'PALMAR', 68, 'A'),
(901, '068524', 'PALMAS DEL SOCORRO', 68, 'A'),
(902, '068533', 'PARAMO', 68, 'A'),
(903, '068547', 'PIEDECUESTA', 68, 'A'),
(904, '068549', 'PINCHOTE', 68, 'A'),
(905, '068572', 'PUENTE NACIONAL', 68, 'A'),
(906, '068573', 'PUERTO PARRA', 68, 'A'),
(907, '068575', 'PUERTO WILCHES', 68, 'A'),
(908, '068615', 'RIONEGRO', 68, 'A'),
(909, '068655', 'SABANA DE TORRES', 68, 'A'),
(910, '068669', 'SAN ANDRES', 68, 'A'),
(911, '068673', 'SAN BENITO', 68, 'A'),
(912, '068679', 'SAN GIL', 68, 'A'),
(913, '068682', 'SAN JOAQUIN', 68, 'A'),
(914, '068684', 'SAN JOSE DE MIRANDA', 68, 'A'),
(915, '068686', 'SAN MIGUEL', 68, 'A'),
(916, '068689', 'SAN VICENTE DE CHUCURI', 68, 'A'),
(917, '068705', 'SANTA BARBARA', 68, 'A'),
(918, '068720', 'SANTA HELENA DEL OPON', 68, 'A'),
(919, '068745', 'SIMACOTA', 68, 'A'),
(920, '068755', 'SOCORRO', 68, 'A'),
(921, '068770', 'SUAITA', 68, 'A'),
(922, '068773', 'SUCRE', 68, 'A'),
(923, '068780', 'SURATA', 68, 'A'),
(924, '068820', 'TONA', 68, 'A'),
(925, '068855', 'VALLE DE SAN JOSE', 68, 'A'),
(926, '068861', 'VELEZ', 68, 'A'),
(927, '068867', 'VETAS', 68, 'A'),
(928, '068872', 'VILLANUEVA', 68, 'A'),
(929, '068895', 'ZAPATOCA', 68, 'A'),
(930, '0701', 'SINCELEJO', 70, 'A'),
(931, '070110', 'BUENAVISTA', 70, 'A'),
(932, '070124', 'CAIMITO', 70, 'A'),
(933, '070204', 'COLOSO', 70, 'A'),
(934, '070215', 'COROZAL', 70, 'A'),
(935, '070230', 'CHALAN', 70, 'A'),
(936, '070233', 'EL ROBLE', 70, 'A'),
(937, '070235', 'GALERAS', 70, 'A'),
(938, '070265', 'GUARANDA', 70, 'A'),
(939, '070400', 'LA UNION', 70, 'A'),
(940, '070418', 'LOS PALMITOS', 70, 'A'),
(941, '070429', 'MAJAGUAL', 70, 'A'),
(942, '070473', 'MORROA', 70, 'A'),
(943, '070508', 'OVEJAS', 70, 'A'),
(944, '070523', 'PALMITO', 70, 'A'),
(945, '070670', 'SAMPUES', 70, 'A'),
(946, '070678', 'SAN BENITO ABAD', 70, 'A'),
(947, '070702', 'SAN JUAN DE BETULIA', 70, 'A'),
(948, '070708', 'SAN MARCOS', 70, 'A'),
(949, '070713', 'SAN ONOFRE', 70, 'A'),
(950, '070717', 'SAN PEDRO', 70, 'A'),
(951, '070742', 'SINCE', 70, 'A'),
(952, '070771', 'SUCRE', 70, 'A'),
(953, '070820', 'SANTIAGO DE TOLU', 70, 'A'),
(954, '070823', 'TOLUVIEJO', 70, 'A'),
(955, '0731', 'IBAGUE', 73, 'A'),
(956, '07324', 'ALPUJARRA', 73, 'A'),
(957, '07326', 'ALVARADO', 73, 'A'),
(958, '07330', 'AMBALEMA', 73, 'A'),
(959, '07343', 'ANZOATEGUI', 73, 'A'),
(960, '07355', 'ARMERO', 73, 'A'),
(961, '07367', 'ATACO', 73, 'A'),
(962, '073124', 'CAJAMARCA', 73, 'A'),
(963, '073148', 'CARMEN DE APICALA', 73, 'A'),
(964, '073152', 'CASABIANCA', 73, 'A'),
(965, '073168', 'CHAPARRAL', 73, 'A'),
(966, '073200', 'COELLO', 73, 'A'),
(967, '073217', 'COYAIMA', 73, 'A'),
(968, '073226', 'CUNDAY', 73, 'A'),
(969, '073236', 'DOLORES', 73, 'A'),
(970, '073268', 'ESPINAL', 73, 'A'),
(971, '073270', 'FALAN', 73, 'A'),
(972, '073275', 'FLANDES', 73, 'A'),
(973, '073283', 'FRESNO', 73, 'A'),
(974, '073319', 'GUAMO', 73, 'A'),
(975, '073347', 'HERVEO', 73, 'A'),
(976, '073349', 'HONDA', 73, 'A'),
(977, '073352', 'ICONONZO', 73, 'A'),
(978, '073408', 'LERIDA', 73, 'A'),
(979, '073411', 'LIBANO', 73, 'A'),
(980, '073443', 'MARIQUITA', 73, 'A'),
(981, '073449', 'MELGAR', 73, 'A'),
(982, '073461', 'MURILLO', 73, 'A'),
(983, '073483', 'NATAGAIMA', 73, 'A'),
(984, '073504', 'ORTEGA', 73, 'A'),
(985, '073520', 'PALOCABILDO', 73, 'A'),
(986, '073547', 'PIEDRAS', 73, 'A'),
(987, '073555', 'PLANADAS', 73, 'A'),
(988, '073563', 'PRADO', 73, 'A'),
(989, '073585', 'PURIFICACION', 73, 'A'),
(990, '073616', 'RIOBLANCO', 73, 'A'),
(991, '073622', 'RONCESVALLES', 73, 'A'),
(992, '073624', 'ROVIRA', 73, 'A'),
(993, '073671', 'SALDAÑA', 73, 'A'),
(994, '073675', 'SAN ANTONIO', 73, 'A'),
(995, '073678', 'SAN LUIS', 73, 'A'),
(996, '073686', 'SANTA ISABEL', 73, 'A'),
(997, '073770', 'SUAREZ', 73, 'A'),
(998, '073854', 'VALLE DE SAN JUAN', 73, 'A'),
(999, '073861', 'VENADILLO', 73, 'A'),
(1000, '073870', 'VILLAHERMOSA', 73, 'A'),
(1001, '073873', 'VILLARRICA', 73, 'A'),
(1002, '0761', 'CALI', 76, 'A'),
(1003, '07620', 'ALCALA', 76, 'A'),
(1004, '07636', 'ANDALUCIA', 76, 'A'),
(1005, '07641', 'ANSERMANUEVO', 76, 'A'),
(1006, '07654', 'ARGELIA', 76, 'A'),
(1007, '076100', 'BOLIVAR', 76, 'A'),
(1008, '076109', 'BUENAVENTURA', 76, 'A'),
(1009, '076111', 'GUADALAJARA DE BUGA', 76, 'A'),
(1010, '076113', 'BUGALAGRANDE', 76, 'A'),
(1011, '076122', 'CAICEDONIA', 76, 'A'),
(1012, '076126', 'CALIMA', 76, 'A'),
(1013, '076130', 'CANDELARIA', 76, 'A'),
(1014, '076147', 'CARTAGO', 76, 'A'),
(1015, '076233', 'DAGUA', 76, 'A'),
(1016, '076243', 'EL AGUILA', 76, 'A'),
(1017, '076246', 'EL CAIRO', 76, 'A'),
(1018, '076248', 'EL CERRITO', 76, 'A'),
(1019, '076250', 'EL DOVIO', 76, 'A'),
(1020, '076275', 'FLORIDA', 76, 'A'),
(1021, '076306', 'GINEBRA', 76, 'A'),
(1022, '076318', 'GUACARI', 76, 'A'),
(1023, '076364', 'JAMUNDI', 76, 'A'),
(1024, '076377', 'LA CUMBRE', 76, 'A'),
(1025, '076400', 'LA UNION', 76, 'A'),
(1026, '076403', 'LA VICTORIA', 76, 'A'),
(1027, '076497', 'OBANDO', 76, 'A'),
(1028, '076520', 'PALMIRA', 76, 'A'),
(1029, '076563', 'PRADERA', 76, 'A'),
(1030, '076606', 'RESTREPO', 76, 'A'),
(1031, '076616', 'RIOFRIO', 76, 'A'),
(1032, '076622', 'ROLDANILLO', 76, 'A'),
(1033, '076670', 'SAN PEDRO', 76, 'A'),
(1034, '076736', 'SEVILLA', 76, 'A'),
(1035, '076823', 'TORO', 76, 'A'),
(1036, '076828', 'TRUJILLO', 76, 'A'),
(1037, '076834', 'TULUA', 76, 'A'),
(1038, '076845', 'ULLOA', 76, 'A'),
(1039, '076863', 'VERSALLES', 76, 'A'),
(1040, '076869', 'VIJES', 76, 'A'),
(1041, '076890', 'YOTOCO', 76, 'A'),
(1042, '076892', 'YUMBO', 76, 'A'),
(1043, '076895', 'ZARZAL', 76, 'A'),
(1044, '0811', 'ARAUCA', 81, 'A'),
(1045, '08165', 'ARAUQUITA', 81, 'A'),
(1046, '081220', 'CRAVO NORTE', 81, 'A'),
(1047, '081300', 'FORTUL', 81, 'A'),
(1048, '081591', 'PUERTO RONDON', 81, 'A'),
(1049, '081736', 'SARAVENA', 81, 'A'),
(1050, '081794', 'TAME', 81, 'A'),
(1051, '0851', 'YOPAL', 85, 'A'),
(1052, '08510', 'AGUAZUL', 85, 'A'),
(1053, '08515', 'CHAMEZA', 85, 'A'),
(1054, '085125', 'HATO COROZAL', 85, 'A'),
(1055, '085136', 'LA SALINA', 85, 'A'),
(1056, '085139', 'MANI', 85, 'A'),
(1057, '085162', 'MONTERREY', 85, 'A'),
(1058, '085225', 'NUNCHIA', 85, 'A'),
(1059, '085230', 'OROCUE', 85, 'A'),
(1060, '085250', 'PAZ DE ARIPORO', 85, 'A'),
(1061, '085263', 'PORE', 85, 'A'),
(1062, '085279', 'RECETOR', 85, 'A'),
(1063, '085300', 'SABANALARGA', 85, 'A'),
(1064, '085315', 'SACAMA', 85, 'A'),
(1065, '085325', 'SAN LUIS DE PALENQUE', 85, 'A'),
(1066, '085400', 'TAMARA', 85, 'A'),
(1067, '085410', 'TAURAMENA', 85, 'A'),
(1068, '085430', 'TRINIDAD', 85, 'A'),
(1069, '085440', 'VILLANUEVA', 85, 'A'),
(1070, '0861', 'MOCOA', 86, 'A'),
(1071, '086219', 'COLON', 86, 'A'),
(1072, '086320', 'ORITO', 86, 'A'),
(1073, '086568', 'PUERTO ASIS', 86, 'A'),
(1074, '086569', 'PUERTO CAICEDO', 86, 'A'),
(1075, '086571', 'PUERTO GUZMAN', 86, 'A'),
(1076, '086573', 'LEGUIZAMO', 86, 'A'),
(1077, '086749', 'SIBUNDOY', 86, 'A'),
(1078, '086755', 'SAN FRANCISCO', 86, 'A'),
(1079, '086757', 'SAN MIGUEL', 86, 'A'),
(1080, '086760', 'SANTIAGO', 86, 'A'),
(1081, '086865', 'VALLE DEL GUAMUEZ', 86, 'A'),
(1082, '086885', 'VILLAGARZON', 86, 'A'),
(1083, '0881', 'SAN ANDRES', 88, 'A'),
(1084, '088564', 'PROVIDENCIA', 88, 'A'),
(1085, '0911', 'LETICIA', 91, 'A'),
(1086, '091263', 'EL ENCANTO', 91, 'A'),
(1087, '091405', 'LA CHORRERA', 91, 'A'),
(1088, '091407', 'LA PEDRERA', 91, 'A'),
(1089, '091430', 'LA VICTORIA', 91, 'A'),
(1090, '091460', 'MIRITI - PARANA', 91, 'A'),
(1091, '091530', 'PUERTO ALEGRIA', 91, 'A'),
(1092, '091536', 'PUERTO ARICA', 91, 'A'),
(1093, '091540', 'PUERTO NARIÑO', 91, 'A'),
(1094, '091669', 'PUERTO SANTANDER', 91, 'A'),
(1095, '091798', 'TARAPACA', 91, 'A'),
(1096, '0941', 'INIRIDA', 94, 'A'),
(1097, '094343', 'BARRANCO MINAS', 94, 'A'),
(1098, '094663', 'MAPIRIPANA', 94, 'A'),
(1099, '094883', 'SAN FELIPE', 94, 'A'),
(1100, '094884', 'PUERTO COLOMBIA', 94, 'A'),
(1101, '094885', 'LA GUADALUPE', 94, 'A'),
(1102, '094886', 'CACAHUAL', 94, 'A'),
(1103, '094887', 'PANA PANA', 94, 'A'),
(1104, '094888', 'MORICHAL', 94, 'A'),
(1105, '0951', 'SAN JOSE DEL GUAVIARE', 95, 'A'),
(1106, '09515', 'CALAMAR', 95, 'A'),
(1107, '09525', 'EL RETORNO', 95, 'A'),
(1108, '095200', 'MIRAFLORES', 95, 'A'),
(1109, '0971', 'MITU', 97, 'A'),
(1110, '097161', 'CARURU', 97, 'A'),
(1111, '097511', 'PACOA', 97, 'A'),
(1112, '097666', 'TARAIRA', 97, 'A'),
(1113, '097777', 'PAPUNAUA', 97, 'A'),
(1114, '097889', 'YAVARATE', 97, 'A'),
(1115, '0991', 'PUERTO CARREÑO', 99, 'A'),
(1116, '099524', 'LA PRIMAVERA', 99, 'A'),
(1117, '099624', 'SANTA ROSALIA', 99, 'A'),
(1118, '099773', 'CUMARIBO', 99, 'A');
-- -----------------------------------------------------
-- Table `dbferreteria`.`CATEGORIA`
-- -----------------------------------------------------
CREATE TABLE `CATEGORIA` 
   (	`ID_CATEGORIA` INT auto_increment PRIMARY KEY,
	`NOM_CATEGORIA` VARCHAR(35),
	`ESTADO_CATEGORIA` CHAR(1)
   ) ;
   
   INSERT INTO `categoria` (`ID_CATEGORIA`, `NOM_CATEGORIA`, `ESTADO_CATEGORIA`) VALUES
(1, 'Pintura', 'A'),
(2, 'Herramienta', 'A'),
(3, 'Plomeria', 'A'),
(4, 'Maderas', 'A'),
(5, 'Electricidad', 'A');
   -- -----------------------------------------------------
-- Table `dbferreteria`.`PRODUCTO`
-- -----------------------------------------------------

CREATE TABLE `PRODUCTO`
   (	`ID_PRODUCTO` INT auto_increment PRIMARY KEY,
	`ID_CATEGORIA` INT NOT NULL,
	`COD_PRODUCTO` VARCHAR(12) NOT NULL,
	`DES_PRODUCTO` VARCHAR(60) NOT NULL,
	`EXIS_PRODUCTO` INT DEFAULT 0,
	`BODEGA_PRODUCTO` INT DEFAULT 0,
	`PRECIO_VENTA_ACT` DECIMAL(8,2) DEFAULT 0,
	`PRECIO_VENTA_ANT` DECIMAL(8,2) DEFAULT 0,
	`COSTO_VENTA` DECIMAL(8,2) DEFAULT 0,
	`MARGEN_UTILIDAD` DECIMAL(5,2) DEFAULT 0,
	`STOCK_MINIMO` INT DEFAULT 0,
	`STOCK_MAXIMO` INT DEFAULT 0,
	`ESTADO_PRODUCTO` CHAR(1) NOT NULL,
	`DSCTO_MINIMO` INT DEFAULT 0,
	`DSCTO_MAXIMO` INT DEFAULT 0,
	`VALOR_IVA` DECIMAL(5,2) DEFAULT 0,
    FOREIGN KEY (`ID_CATEGORIA`) REFERENCES `CATEGORIA` (`ID_CATEGORIA`)
   ) ;

INSERT INTO `producto` (`ID_PRODUCTO`, `ID_CATEGORIA`, `COD_PRODUCTO`, `DES_PRODUCTO`, `EXIS_PRODUCTO`, `BODEGA_PRODUCTO`, `PRECIO_VENTA_ACT`, `PRECIO_VENTA_ANT`, `COSTO_VENTA`, `MARGEN_UTILIDAD`, `STOCK_MINIMO`, `STOCK_MAXIMO`, `ESTADO_PRODUCTO`, `DSCTO_MINIMO`, `DSCTO_MAXIMO`, `VALOR_IVA`) VALUES
(1, 1, '134152476833', 'Pintura Plastica', 35, 30, 50000.00, 43065.00, 25000.00, 16.00, 20, 60, 'A', 0, 0, 0.00),
(2, 1, '187635965180', 'Esmalte Graso', 64, 40, 193364.00, 30000.00, 27000.00, 5.00, 30, 70, 'A', 0, 0, 0.00),
(3, 2, '234265778945', 'Destornillador', 11, 30, 50000.00, 70000.00, 9000.00, 6.00, 10, 30, 'A', 0, 0, 0.00),
(4, 2, '212342543865', 'Martillo', 3, 30, 192163.00, 30000.00, 27000.00, 5.00, 30, 70, 'A', 0, 0, 0.00),
(5, 3, '398743567891', 'Tubo Presion', 61, 20, 83344.00, 16500.00, 15000.00, 15.00, 20, 80, 'A', 0, 0, 0.00),
(6, 3, '343243546578', 'Soldadura', 20, 30, 551294.00, 50000.00, 49500.00, 8.00, 20, 40, 'A', 0, 0, 0.00),
(7, 4, '476548765890', 'Pino Cepillado', 17, 42, 180361.00, 65500.00, 62500.00, 1.00, 30, 60, 'A', 0, 0, 0.00),
(8, 4, '453243739721', 'Bastidor', 37, 43, 249344.00, 22550.00, 20100.00, 7.00, 45, 72, 'A', 0, 0, 0.00),
(9, 5, '584673496734', 'Toma Corriente', 5, 30, 50000.00, 70000.00, 9000.00, 6.00, 10, 30, 'A', 0, 0, 0.00),
(10, 5, '519889741293', 'Interruptor Sencillo', -11, 67, 303069.00, 42300.00, 39500.00, 5.00, 30, 70, 'A', 0, 0, 0.00);
     -- -----------------------------------------------------
-- Table `dbferreteria`.`EMPRESA`
-- -----------------------------------------------------
CREATE TABLE `EMPRESA`
   (	`ID_EMPRESA` INT auto_increment PRIMARY KEY,
	`RAZON_SOCIAL` VARCHAR(60) NOT NULL,
	`NIT_EMPRESA` VARCHAR(12) NOT NULL,
	`DIR_EMPRESA` VARCHAR(80) NOT NULL,
	`CORREO_EMPRESA` VARCHAR(90) NOT NULL,
	`REPRESENTANTE` VARCHAR(90) NOT NULL,
	`TELEFONO_EMPRESA` VARCHAR(12) NOT NULL
   ) ;
   
   INSERT INTO `empresa` (`ID_EMPRESA`, `RAZON_SOCIAL`, `NIT_EMPRESA`, `DIR_EMPRESA`, `CORREO_EMPRESA`, `REPRESENTANTE`, `TELEFONO_EMPRESA`) VALUES
(1, 'Procarsa', '324356213245', 'Cra 78 #12-12', 'procarsafer@gmail.com', 'Maria Gonzales', '3223808976'),
(2, 'Construrama', '103245632132', 'Cra 26 #42-01', 'construrama@gmail.com', 'Pedro Sanchez', '3112816543');
-- -----------------------------------------------------
-- Table `dbferreteria`.`TIPO_CLIENTE`
-- -----------------------------------------------------
CREATE TABLE `TIPO_CLIENTE`
   (	`ID_TIPO_CLIENTE` INT auto_increment PRIMARY KEY,
	`DESCRIPCION_TCLIENTE` VARCHAR(40) NOT NULL,
	`ESTADO_TCLIENTE` CHAR(1)
   ) ;

INSERT INTO `tipo_cliente` (`ID_TIPO_CLIENTE`, `DESCRIPCION_TCLIENTE`, `ESTADO_TCLIENTE`) VALUES
(1, 'Mayorista', 'A'),
(2, 'Minorista', 'A'),
(3, 'Persona Natural', 'A');
-- -----------------------------------------------------
-- Table `dbferreteria`.`CLIENTE`
-- -----------------------------------------------------
 CREATE TABLE `CLIENTE`
   (	`ID_CLIENTE` INT auto_increment PRIMARY KEY,
	`NIT_CLIENTE` VARCHAR(15) NOT NULL,
	`RSOCIAL_CLIENTE` VARCHAR(70) NOT NULL,
	`ID_TIPO_CLIENTE` INT NOT NULL,
	`NOMBRE_CLIENTE` VARCHAR(75) NOT NULL,
	`APELLIDO_CLIENTE` VARCHAR(75) NOT NULL,
	`DIR_CLIENTE` VARCHAR(85) NOT NULL,
	`ID_CIUDAD` INT NOT NULL,
	`CORREO_CLIENTE` VARCHAR(85) DEFAULT NULL,
	`TEL_CLIENTE` VARCHAR(30) NOT NULL,
	`CODPOSTAL_CLIENTE` VARCHAR(15),
	`CUPOCREDITO_CLIENTE` DECIMAL(12,0) DEFAULT 0,
	`SALDO_CLIENTE` DECIMAL(12,0) DEFAULT 0,
	`COMPRASMES_CLIENTE` DECIMAL(12,0) DEFAULT 0,
	`PAGOSMES_CLIENTE` DECIMAL(12,0) DEFAULT 0,
	`ESTADO_CLIENTE` CHAR(1),
	`ID_EMPRESA` INT NOT NULL,
    FOREIGN KEY (`ID_TIPO_CLIENTE`) REFERENCES `TIPO_CLIENTE` (`ID_TIPO_CLIENTE`),
     FOREIGN KEY (`ID_CIUDAD`) REFERENCES `TIPO_CLIENTE` (`ID_TIPO_CLIENTE`),
    FOREIGN KEY (`ID_EMPRESA`) REFERENCES `CIUDAD` (`ID_CIUDAD`)
   ) ;
   
CREATE INDEX `INDX_NOM_APE_CLIENTE` ON `CLIENTE` (`NOMBRE_CLIENTE`, `APELLIDO_CLIENTE`);

INSERT INTO `cliente` (`ID_CLIENTE`, `NIT_CLIENTE`, `RSOCIAL_CLIENTE`, `ID_TIPO_CLIENTE`, `NOMBRE_CLIENTE`, `APELLIDO_CLIENTE`, `DIR_CLIENTE`, `ID_CIUDAD`, `CORREO_CLIENTE`, `TEL_CLIENTE`, `CODPOSTAL_CLIENTE`, `CUPOCREDITO_CLIENTE`, `SALDO_CLIENTE`, `COMPRASMES_CLIENTE`, `PAGOSMES_CLIENTE`, `ESTADO_CLIENTE`, `ID_EMPRESA`) VALUES
(1, '213456981', 'SolucionesTecnologicas S.A.', 1, 'Juan', 'Garcia', 'Calle 57 #9-30', 1, 'solucionestecnologicas@gmail.com', '3201234567', '12345', 34273, 2645, 9, 8, 'A', 1),
(3, '354112049', 'SistemasNovaTech', 1, 'Andres', 'Castillo', 'Calle 92 #3-41', 1, 'sistemasnovatech@gmail.com', '3128907654', '45678', 34000, 24010, 11, 8, 'A', 2),
(4, '699138046', 'EnergiaSolMar', 1, 'Wilson', 'Romero', 'Calle 66 #6-25', 87, 'energiasolmar@gmail.com', '3115678902', '98765', 128525, 2467, 3, 2, 'A', 2),
(5, '763724472', 'ServiciosGlobalConecta', 2, 'Javier', 'Fonseca', 'Calle 80 #2-38', 498, 'serviciosglobalconecta@gmail.com', '3203456789', '23456', 56000, 8490, 7, 5, 'A', 1),
(7, '559859913', 'NewImageCamara', 2, 'David', 'Gomez', 'Calle 52 #6-16', 498, 'newcamara@hotmail.com', '3126543210', '21098', 67000, 9870, 4, 1, 'A', 2),
(8, '960337297', 'ProseLibreria', 2, 'Luis', 'Velandia', 'Calle 78 #5-63', 1, 'libreriasprose@gmail.com', '3117654321', '87654', 12000, 6450, 10, 7, 'A', 2),
(9, '509758199', 'GabrielLopez', 3, 'Gabriel', 'Lopez', 'Calle 96 #2-73', 1, 'gabriel.lopez@hotmail.com', '3206789012', '54321', 23000, 1230, 9, 8, 'A', 1),
(10, '974662747', 'IsabellaMartinez', 3, 'Isabella', 'Martinez', 'Calle 68 #3-22', 87, 'isabella.martinez@gmail.com', '3239012345', '10987', 34000, 8760, 6, 4, 'A', 1),
(12, '305800742', 'MiaSanchez', 3, 'Mia', 'Sanchez', 'Calle 62 #7-39', 1, 'mia.sanchez@gmail.com', '3111234567', '43210', 56000, 45234, 3, 2, 'A', 1);
-- -----------------------------------------------------
-- Table `dbferreteria`.`TIPOFACTURA`
-- -----------------------------------------------------

CREATE TABLE `TIPOFACTURA`
   (	`ID_TIPOFAC` INT auto_increment PRIMARY KEY,
	`NOM_TIPOFAC` VARCHAR(45) NOT NULL,
	`ESTADO_TIPOFAC` VARCHAR(1)
   ) ;
   
INSERT INTO `tipofactura` (`ID_TIPOFAC`, `NOM_TIPOFAC`, `ESTADO_TIPOFAC`) VALUES
(1, 'CONTADO', 'A'),
(2, 'CREDITO', 'A');
-- -----------------------------------------------------
-- Table `dbferreteria`.`FACTURA`
-- -----------------------------------------------------

  CREATE TABLE `FACTURA`
   (	`ID_FACTURA` INT auto_increment PRIMARY KEY,
	`FECHA_FACTURA` DATE,
	`ID_TIPOFAC` INT NOT NULL,
	`CLIENTE_FACTURA` INT NOT NULL,
	`TOTAL_FACTURA` DECIMAL(8,2) DEFAULT 0,
	`DESCUENTO_FACTURA` DECIMAL(8,2) DEFAULT 0,
	`IVA_FACTURA` DECIMAL(8,2) DEFAULT 0,
	`SUBTOTAL_FACTURA` DECIMAL(8,2) DEFAULT 0,
	`SALDO_FACTURA` DECIMAL(8,2) DEFAULT 0,
	`ESTADO_FACTURA` CHAR(1) NOT NULL,
    FOREIGN KEY (`ID_TIPOFAC`) REFERENCES `TIPOFACTURA` (`ID_TIPOFAC`),
    FOREIGN KEY (`CLIENTE_FACTURA`) REFERENCES `CLIENTE` (`ID_CLIENTE`)
   ) ;
   
   INSERT INTO `factura` (`ID_FACTURA`, `FECHA_FACTURA`, `ID_TIPOFAC`, `CLIENTE_FACTURA`, `TOTAL_FACTURA`, `DESCUENTO_FACTURA`, `IVA_FACTURA`, `SUBTOTAL_FACTURA`, `SALDO_FACTURA`, `ESTADO_FACTURA`) VALUES
(1, '2023-09-18', 1, 1, 96.00, 10.00, 19.00, 90.00, 61.00, 'A'),
(3, '2023-09-18', 1, 3, 238.00, 0.00, 19.00, 200.00, 207.00, 'A'),
(4, '2023-09-18', 2, 4, 136.00, 15.00, 19.00, 135.00, 124.00, 'A'),
(5, '2023-09-18', 2, 5, 224.00, 30.00, 19.00, 270.00, 200.00, 'A');
   
-- -----------------------------------------------------
-- Table `dbferreteria`.`DETALLEFACTURA`
-- -----------------------------------------------------
CREATE TABLE `DETALLEFACTURA`
   (	`ID_DETALLE_FACTURA` INT auto_increment PRIMARY KEY,
	`ID_FACTURA` INT NOT NULL,
	`ID_PRODUCTO` INT NOT NULL,
	`CANT_VENDIDA` INT DEFAULT 0,
	`PRECIO_VENTA` DECIMAL(8,2) DEFAULT 0,
	`VALOR_IVA` DECIMAL(5,2) DEFAULT 0,
	`DESCTO_DETFAC` DECIMAL(5,2) DEFAULT 0,
	FOREIGN KEY (`ID_FACTURA`) REFERENCES `FACTURA` (`ID_FACTURA`),
    FOREIGN KEY (`ID_PRODUCTO`) REFERENCES `PRODUCTO` (`ID_PRODUCTO`)
   ) ;
   
   INSERT INTO `detallefactura` (`ID_DETALLE_FACTURA`, `ID_FACTURA`, `ID_PRODUCTO`, `CANT_VENDIDA`, `PRECIO_VENTA`, `VALOR_IVA`, `DESCTO_DETFAC`) VALUES
(1, 1, 1, 5, 15.00, 14.00, 0.00),
(2, 1, 2, 2, 15.00, 5.00, 0.00),
(5, 3, 5, 3, 15.00, 8.00, 0.00),
(6, 3, 6, 9, 15.00, 25.00, 0.00),
(7, 4, 7, 3, 15.00, 8.00, 0.00),
(8, 4, 8, 6, 15.00, 17.00, 0.00),
(9, 5, 9, 5, 15.00, 14.00, 0.00),
(10, 5, 10, 14, 15.00, 39.00, 0.00);
-- -----------------------------------------------------
-- Table `dbferreteria`.`TIPO_DOCUMENTO`
-- -----------------------------------------------------
CREATE TABLE `TIPO_DOCUMENTO`
   (	`ID_DOCUMENTO` INT auto_increment PRIMARY KEY,
	`NOMBRE_DOCUMENTO` VARCHAR(60) NOT NULL
   ) ;

INSERT INTO `tipo_documento` (`ID_DOCUMENTO`, `NOMBRE_DOCUMENTO`) VALUES
(1, 'Registro civil de nacimiento'),
(2, 'Tarjeta de identidad'),
(3, 'Cedula de ciudadania'),
(4, 'Tarjeta de extranjeria'),
(5, 'Cedula de extranjeria'),
(6, 'NIT'),
(7, 'Pasaporte'),
(8, 'Tipo de documento extranjero');
-- -----------------------------------------------------
-- Table `dbferreteria`.`TIPOMOV`
-- -----------------------------------------------------
CREATE TABLE `TIPOMOV`
   (	`ID_TIPOMOV` INT auto_increment PRIMARY KEY,
	`NOM_TIPOMOV` VARCHAR(45) NOT NULL,
	`ESTADO_TIPOMOV` CHAR(1)
   ) ;

INSERT INTO `tipomov` (`ID_TIPOMOV`, `NOM_TIPOMOV`, `ESTADO_TIPOMOV`) VALUES
(1, 'Actualizacion de precios', 'A'),
(2, 'Ingreso por compras', 'A'),
(3, 'Entrada por ajuste', 'A'),
(4, 'Salida por ajuste', 'A'),
(5, 'Ventas Credito', 'A'),
(6, 'Ventas Contado', 'A'),
(7, 'Ingreso a bodega', 'A'),
(8, 'Salida de bodega', 'A');
-- -----------------------------------------------------
-- Table `dbferreteria`.`MOVPRODUCTO`
-- -----------------------------------------------------

  CREATE TABLE `MOVPRODUCTO`
   (	`ID_MOV` INT auto_increment PRIMARY KEY,
	`ID_TIPOMOV` INT,
	`CANTIDAD_MOV` INT,
	`ID_PRODUCTO` INT,
	`FECHA_MOVIMIENTO` DATE,
	`ESTADO_MOVIMIENTO` CHAR(1),
    FOREIGN KEY (`ID_TIPOMOV`) REFERENCES `TIPOMOV` (`ID_TIPOMOV`),
    FOREIGN KEY (`ID_PRODUCTO`) REFERENCES `PRODUCTO` (`ID_PRODUCTO`)
   ) ;
INSERT INTO `movproducto` (`ID_MOV`, `ID_TIPOMOV`, `CANTIDAD_MOV`, `ID_PRODUCTO`, `FECHA_MOVIMIENTO`, `ESTADO_MOVIMIENTO`) VALUES
(1, 1, 5, 1, '2023-09-04', 'A'),
(2, 2, 10, 2, '2023-09-04', 'A'),
(3, 3, 2, 3, '2023-09-04', 'I'),
(4, 4, 8, 5, '2023-09-04', 'A'),
(5, 5, 3, 6, '2023-09-04', 'A'),
(6, 6, 9, 7, '2023-09-04', 'A'),
(7, 7, 12, 8, '2023-09-04', 'A'),
(8, 8, 15, 9, '2023-09-04', 'A'),
(21, 6, 5, 1, '2023-09-04', 'A'),
(22, 6, 2, 2, '2023-09-18', 'A'),
(23, 6, 3, 3, '2023-09-18', 'A'),
(24, 6, 9, 4, '2023-09-18', 'A'),
(25, 6, 3, 5, '2023-09-18', 'A'),
(26, 6, 9, 6, '2023-09-18', 'A'),
(27, 5, 3, 7, '2023-09-18', 'A'),
(28, 5, 6, 8, '2023-09-18', 'A'),
(29, 5, 5, 9, '2023-09-18', 'A'),
(30, 5, 14, 10, '2023-09-18', 'A'),
(41, 6, 5, 1, '2023-09-18', 'A'),
(42, 6, 2, 2, '2023-09-18', 'A'),
(43, 6, 3, 3, '2023-09-18', 'A'),
(44, 6, 9, 4, '2023-09-18', 'A'),
(45, 6, 3, 5, '2023-09-18', 'A'),
(46, 6, 9, 6, '2023-09-18', 'A'),
(47, 5, 3, 7, '2023-09-18', 'A'),
(48, 5, 6, 8, '2023-09-18', 'A'),
(49, 5, 5, 9, '2023-09-18', 'A'),
(50, 5, 14, 10, '2023-09-18', 'A'),
(51, 6, 5, 1, '2023-09-18', 'A'),
(52, 6, 2, 2, '2023-09-18', 'A'),
(53, 6, 3, 3, '2023-09-18', 'A'),
(54, 6, 9, 4, '2023-09-18', 'A'),
(55, 6, 3, 5, '2023-09-18', 'A'),
(56, 6, 9, 6, '2023-09-18', 'A'),
(57, 5, 3, 7, '2023-09-18', 'A'),
(58, 5, 6, 8, '2023-09-18', 'A'),
(59, 5, 5, 9, '2023-09-18', 'A'),
(60, 5, 14, 10, '2023-09-18', 'A');
-- -----------------------------------------------------
-- Table `dbferreteria`.`RECAUDO`
-- -----------------------------------------------------
CREATE TABLE `RECAUDO`
   (	`ID_RECAUDO` INT auto_increment PRIMARY KEY,
	`ID_CLIENTE_RECAUDO` INT NOT NULL,
	`ID_FACTURA_RECAUDO` INT NOT NULL,
	`VALOR_RECAUDO` DECIMAL(10,0) DEFAULT 0,
	`FECHA_RECAUDO` DATE ,
	FOREIGN KEY (`ID_CLIENTE_RECAUDO`) REFERENCES `CLIENTE` (`ID_CLIENTE`),
    FOREIGN KEY (`ID_FACTURA_RECAUDO`) REFERENCES `FACTURA` (`ID_FACTURA`)
   ) ;
   
INSERT INTO `recaudo` (`ID_RECAUDO`, `ID_CLIENTE_RECAUDO`, `ID_FACTURA_RECAUDO`, `VALOR_RECAUDO`, `FECHA_RECAUDO`) VALUES
(1, 1, 1, 20, '2023-09-29'),
(2, 1, 1, 10, '2023-09-29'),
(3, 1, 1, 5, '2023-09-29'),
(7, 3, 3, 9, '2023-09-29'),
(8, 3, 3, 10, '2023-09-29'),
(9, 3, 3, 12, '2023-09-29'),
(10, 4, 4, 2, '2023-09-29'),
(11, 4, 4, 4, '2023-09-29'),
(12, 4, 4, 6, '2023-09-29'),
(13, 5, 5, 2, '2023-09-29'),
(14, 5, 5, 7, '2023-09-29'),
(15, 5, 5, 15, '2023-09-29');
-- -----------------------------------------------------
-- Table `dbferreteria`.`PARAMETRO_GENERAL`
-- -----------------------------------------------------

CREATE TABLE `PARAMETRO_GENERAL`
   (	`ID_PARAMETRO_GENERAL` INT auto_increment PRIMARY KEY,
	`NOMBRE_PARAMETRO` VARCHAR(10) NOT NULL,
	`DESCRIPCION_PARAMETRO` VARCHAR(60) NOT NULL,
	`VALOR_PARAMETRO` VARCHAR(100) NOT NULL,
	`TIPO_PARAMETRO` CHAR(1) NOT NULL
   ) ;
   -------------------------------------------------------
-- Table `dbferreteria`.`AUDITORIA`
-- -----------------------------------------------------
CREATE TABLE `AUDITORIA`
   (	`ID_AUDITORIA` INT auto_increment PRIMARY KEY, 
	`USUARIO_AUDITORIA` VARCHAR(10) NOT NULL, 
	`EVENTO_AUDITORIA` VARCHAR(15), 
	`TABLA_AUDITORIA` VARCHAR(15) NOT NULL, 
	`ID_TABLA_AUDITORIA` INT NOT NULL, 
	`IP_AUDITORIA` VARCHAR(15) NOT NULL, 
	`FECHA_AUDITORIA` DATETIME DEFAULT CURRENT_TIMESTAMP
   ) ;
   
   INSERT INTO `auditoria` (`ID_AUDITORIA`, `USUARIO_AUDITORIA`, `EVENTO_AUDITORIA`, `TABLA_AUDITORIA`, `ID_TABLA_AUDITORIA`, `IP_AUDITORIA`, `FECHA_AUDITORIA`) VALUES
(1, 'Jlinares', 'Insert', 'PAIS', 0, 'IP LOCAL', '2023-10-05'),
(2, 'Jlinares', 'Delete', 'PAIS', 0, 'IP LOCAL', '2023-10-05'),
(4, 'Jlinares', 'Insert', 'PAIS', 2, 'IP LOCAL', '2023-10-05'),
(5, 'Jlinares', 'Delete', 'PAIS', 2, 'IP LOCAL', '2023-10-05');































































































































































































































































































































